Street Address,City,State Abbreviation,Zip Code,Detail Url
1200 SE 14th St,Bentonville,AR,72712,https://www.anytimemailbox.com/s/bentonville-1200-se-14th-street
103 W. Main St,Blytheville,AR,72315,https://www.anytimemailbox.com/s/blytheville-103-w-main-street
5313 Hwy 5 N,Bryant,AR,72022,https://www.anytimemailbox.com/s/bryant-5313-hwy-5-n
813 Oak St,Conway,AR,72032,https://www.anytimemailbox.com/s/conway-813-oak-street
5410 Phoenix Ave,Fort Smith,AR,72903,https://www.anytimemailbox.com/s/fort-smith-5410-phoenix-avenue
2821 Race St,Jonesboro,AR,72401,https://www.anytimemailbox.com/s/jonesboro-2821-race-street
361 Southwest Drive,Jonesboro,AR,72401,https://www.anytimemailbox.com/s/jonesboro-361-southwest-drive
6834 Cantrell Road,Little Rock,AR,72207,https://www.anytimemailbox.com/s/little-rock-6834-cantrell-road
1004 S Mt Olive St,Siloam Springs,AR,72761,https://www.anytimemailbox.com/s/siloam-springs-1004-s-mt-olive-street
210 S Thompson St,Springdale,AR,72764,https://www.anytimemailbox.com/s/springdale-210-s-thompson-street
